{
    "0": {
        "precision": 0.9246501614639397,
        "recall": 0.9042105263157895,
        "f1-score": 0.9143161255987228,
        "support": 950.0
    },
    "1": {
        "precision": 0.9290171606864275,
        "recall": 0.9444885011895321,
        "f1-score": 0.9366889500589854,
        "support": 1261.0
    },
    "accuracy": 0.9271822704658526,
    "macro avg": {
        "precision": 0.9268336610751836,
        "recall": 0.9243495137526607,
        "f1-score": 0.9255025378288542,
        "support": 2211.0
    },
    "weighted avg": {
        "precision": 0.927140792861297,
        "recall": 0.9271822704658526,
        "f1-score": 0.9270760223171268,
        "support": 2211.0
    }
}