{
    "0": {
        "precision": 0.9750542299349241,
        "recall": 0.9463157894736842,
        "f1-score": 0.9604700854700855,
        "support": 950.0
    },
    "1": {
        "precision": 0.9604344453064391,
        "recall": 0.9817605075337034,
        "f1-score": 0.9709803921568627,
        "support": 1261.0
    },
    "accuracy": 0.9665309814563546,
    "macro avg": {
        "precision": 0.9677443376206816,
        "recall": 0.9640381485036937,
        "f1-score": 0.965725238813474,
        "support": 2211.0
    },
    "weighted avg": {
        "precision": 0.9667161257212109,
        "recall": 0.9665309814563546,
        "f1-score": 0.9664644304416034,
        "support": 2211.0
    }
}