{
    "0": {
        "precision": 0.9173098125689085,
        "recall": 0.8757894736842106,
        "f1-score": 0.8960689283791061,
        "support": 950.0
    },
    "1": {
        "precision": 0.9095092024539877,
        "recall": 0.9405233941316415,
        "f1-score": 0.9247563352826511,
        "support": 1261.0
    },
    "accuracy": 0.9127091813658977,
    "macro avg": {
        "precision": 0.9134095075114481,
        "recall": 0.908156433907926,
        "f1-score": 0.9104126318308786,
        "support": 2211.0
    },
    "weighted avg": {
        "precision": 0.912860889296672,
        "recall": 0.9127091813658977,
        "f1-score": 0.9124302219591017,
        "support": 2211.0
    }
}