{
    "0": {
        "precision": 0.9227467811158798,
        "recall": 0.9052631578947369,
        "f1-score": 0.9139213602550478,
        "support": 950.0
    },
    "1": {
        "precision": 0.9296325254104769,
        "recall": 0.9429024583663759,
        "f1-score": 0.9362204724409449,
        "support": 1261.0
    },
    "accuracy": 0.926729986431479,
    "macro avg": {
        "precision": 0.9261896532631784,
        "recall": 0.9240828081305563,
        "f1-score": 0.9250709163479963,
        "support": 2211.0
    },
    "weighted avg": {
        "precision": 0.9266739288117128,
        "recall": 0.926729986431479,
        "f1-score": 0.9266392166396776,
        "support": 2211.0
    }
}