{
    "0": {
        "precision": 0.9500531349628055,
        "recall": 0.9410526315789474,
        "f1-score": 0.9455314648334214,
        "support": 950.0
    },
    "1": {
        "precision": 0.9559055118110236,
        "recall": 0.9627279936558287,
        "f1-score": 0.9593046226787831,
        "support": 1261.0
    },
    "accuracy": 0.9534147444595206,
    "macro avg": {
        "precision": 0.9529793233869146,
        "recall": 0.9518903126173881,
        "f1-score": 0.9524180437561023,
        "support": 2211.0
    },
    "weighted avg": {
        "precision": 0.9533909220300162,
        "recall": 0.9534147444595206,
        "f1-score": 0.953386712252237,
        "support": 2211.0
    }
}